job;company;ssn;residence;current_location;blood_group;website;username;name;sex;address;mail;birthdate
Records manager;Duncan-Garcia;241-62-8803;"309 Danielle Cliffs
North Amy, NC 69960";(Decimal('-79.694044'), Decimal('145.837904'));AB+;['http://www.lara-atkins.info/', 'https://velasquez.biz/', 'https://www.hughes.biz/', 'https://www.wang.biz/'];lambertemma;Stacy Reed;F;"9881 Brown Mission
West Marcus, CO 88576";vsmith@yahoo.com;1980-01-04
Mental health nurse;Rose-Lee;899-12-4937;"Unit 5929 Box 0845
DPO AE 45149";(Decimal('16.6696785'), Decimal('-38.243842'));A-;['http://jackson-sanchez.net/', 'https://www.gregory-west.com/', 'http://www.meyer-pope.com/', 'https://bradshaw.com/'];greid;Carol Farley;F;"USNS Burke
FPO AE 09663";graceholloway@yahoo.com;1918-07-08
Furniture conservator/restorer;Potts and Sons;261-41-9484;"130 Vargas Trail Apt. 244
North Rebecca, WV 12816";(Decimal('-27.9623815'), Decimal('75.091620'));B-;['https://www.mclaughlin.com/', 'http://www.gibson.info/', 'http://www.logan.biz/', 'https://walton.com/'];scottmercado;Russell Whitaker;M;"9023 Julie Highway
Jonathanfurt, NE 70139";ghart@gmail.com;1946-09-11
Ambulance person;Rivera Inc;201-43-6181;"7173 Adrian Shoal
West Paul, NJ 24509";(Decimal('20.706462'), Decimal('-99.445622'));B-;['https://smith.net/', 'https://garcia-nichols.com/'];kristin75;Maureen Powers;F;"9431 Cunningham Divide Suite 663
Knightchester, GA 83365";stacy77@yahoo.com;1960-07-01
Contracting civil engineer;Hatfield Group;878-83-6667;"558 Andrea Prairie Apt. 869
Geraldside, TX 73555";(Decimal('-5.886452'), Decimal('105.424264'));O+;['https://curry-mitchell.com/'];lhansen;Edward Mcdonald;M;"58853 Jennifer Brooks Suite 754
Michaelfort, OH 05214";emoore@yahoo.com;1940-10-02
Estate agent;Harrison-Larsen;780-62-6737;"USS Walters
FPO AA 57066";(Decimal('-16.818435'), Decimal('-24.144586'));B-;['http://www.brooks.com/'];huertaanthony;Randall Baldwin;M;"320 Cynthia Light
Port Alyssa, NC 58746";thompsonphillip@yahoo.com;1986-12-13
Social research officer, government;Mills-Smith;273-12-9262;"4686 Whitney Cove
East Johnton, MI 29720";(Decimal('-86.601344'), Decimal('34.919924'));AB+;['http://day-sandoval.biz/', 'http://gomez-rocha.com/', 'http://allen-livingston.com/', 'https://oneal-ware.com/'];ecox;Christine Brooks;F;"709 Hall Circle Suite 075
West Krystal, MN 26789";kimrosario@hotmail.com;2016-04-21
Psychologist, occupational;Welch-Ward;051-51-3449;"6444 Herrera Mills
Tonyabury, UT 75601";(Decimal('-68.5063845'), Decimal('-172.417969'));A+;['http://dixon.com/'];cmartinez;Micheal Parker;M;"03834 Crystal Land Suite 820
New Michelleberg, MI 30441";nrichard@hotmail.com;1946-12-05
Careers information officer;Lopez-Walsh;438-82-5734;"11945 Kevin Summit
Warrenfurt, MN 38811";(Decimal('17.0921015'), Decimal('-151.157305'));A+;['https://mitchell.com/', 'http://frederick-white.com/'];markhall;Nicole Kelly;F;"Unit 3115 Box 0267
DPO AA 05952";edwardswilliam@hotmail.com;1978-06-06
Administrator;Grant-Santos;532-83-7870;"814 Anna Mountains
Port Tyrone, MS 08953";(Decimal('65.854303'), Decimal('92.687064'));B+;['http://www.richardson-rodriguez.org/', 'http://sutton.com/', 'http://morales.info/'];floresdenise;Mike Johnson;M;"660 Daniel Springs Apt. 789
Hansonton, PA 38505";millerwilliam@gmail.com;1910-11-08
Scientist, research (life sciences);Anderson-Moore;727-70-1065;"6866 William Stream
Mendezbury, KY 97691";(Decimal('86.7483795'), Decimal('-7.960334'));B+;['http://rivers.net/', 'http://johnson.org/'];westerin;Marc Cruz;M;"88570 Martinez Club
New Jeffreyview, VT 84930";esimon@yahoo.com;1972-05-21
Fast food restaurant manager;Hester, Lawson and Garcia;888-18-7154;"523 Michelle Plaza
South Brandon, AL 46657";(Decimal('-88.789257'), Decimal('-49.413845'));AB+;['http://www.lee.com/', 'http://kline.com/', 'https://www.smith.com/', 'http://www.johnson.com/'];mmorales;Carla King;F;"8817 Matthews Ports Apt. 547
Hendersonview, AR 42640";sarahrodriguez@hotmail.com;1995-10-09
Senior tax professional/tax inspector;Thomas Group;325-37-1517;"860 Lisa Key Apt. 624
North Justinport, UT 24303";(Decimal('-25.4088705'), Decimal('-45.907799'));O-;['http://www.brown-tanner.com/', 'http://jones.info/'];stephanie24;Charles Ruiz;M;"34332 Sanchez Square Apt. 595
Port Angela, IL 57659";ktrevino@hotmail.com;1911-01-31
Engineer, structural;Ramirez, Buckley and Goodwin;086-25-1223;"0410 Moore Stravenue
Evansfurt, MO 93743";(Decimal('69.582762'), Decimal('-73.872840'));B-;['https://www.green-fox.com/', 'https://www.day.org/'];zswanson;Jason Pollard;M;"5247 Mayer Fort
Huntside, RI 36886";matthewharris@gmail.com;1957-09-08
Public affairs consultant;Wilkins and Sons;006-06-6761;"1146 Heather Street Apt. 468
Pamelahaven, NM 11861";(Decimal('76.172761'), Decimal('93.731384'));O-;['https://white-malone.net/', 'https://peters.com/', 'https://www.meyer.biz/'];jaimeleach;Mr. Bruce Gallegos;M;"4812 Karen Walk Apt. 947
North Wandashire, ME 97503";williamwilliams@hotmail.com;2010-10-30
Journalist, magazine;Walker LLC;393-33-9356;"69656 Andrew Cliff Apt. 672
Amytown, VA 62018";(Decimal('57.936957'), Decimal('-36.873322'));AB-;['http://www.white-matthews.com/', 'http://taylor-gordon.com/', 'http://www.valencia.com/'];gary09;Roger Thompson;M;"24233 Phillip Avenue
Murillomouth, DC 62376";nphillips@hotmail.com;2008-06-01
Public relations account executive;Vazquez Group;495-65-9134;"38064 Daniels Ways
South Johnton, SC 29155";(Decimal('25.7817215'), Decimal('-142.868969'));AB+;['http://www.davis.net/', 'https://wilson.com/', 'https://gonzalez-scott.info/'];johnperez;Steven Kirk;M;"Unit 2377 Box 7165
DPO AE 06242";christine53@gmail.com;1957-02-23
Nurse, children's;Hunter-Jordan;069-63-7927;"532 Taylor Freeway
West Ann, WI 47338";(Decimal('23.387443'), Decimal('81.404558'));A-;['http://curry-king.net/', 'https://valdez.com/', 'http://page-delacruz.net/'];hollyrussell;Alexandra Thomas;F;"24564 Campos Port Suite 203
Port Melody, OR 91577";hartedward@yahoo.com;1997-04-14
Nature conservation officer;Fisher-Garcia;093-37-0461;"1616 Johnson Manor Apt. 816
Lake Cindy, FL 87520";(Decimal('-1.879569'), Decimal('-18.670731'));AB-;['https://jones.com/'];guerrerosteven;Eric Moreno;M;"96824 Carpenter Shore
East Kyle, SD 62456";kathleen91@yahoo.com;2021-08-19
Market researcher;May, Smith and Cantrell;705-35-5421;"28301 Laura Ramp
New Adamberg, PA 65287";(Decimal('44.895741'), Decimal('15.166895'));O+;['http://www.martin.com/', 'http://www.quinn.info/'];cheryl66;Cameron Callahan;M;"685 Hutchinson Walk
Gracemouth, IN 89369";patricia61@hotmail.com;1925-05-08
Education officer, environmental;Howard-Jenkins;673-33-1276;"63302 Karen Plains
Port Kiaramouth, CT 98531";(Decimal('17.964735'), Decimal('-87.652182'));B-;['https://navarro-goodwin.biz/', 'http://www.nunez.info/', 'https://www.walter.com/', 'http://www.davis.biz/'];jamesperry;Elaine Johnson;F;"228 William Mill Suite 599
Danielleberg, KY 82679";nguyenanthony@hotmail.com;1914-11-19
Civil Service fast streamer;Fletcher-Figueroa;048-20-3641;"511 Ward Mill
West Brandonside, CO 08923";(Decimal('28.976933'), Decimal('-149.040677'));A+;['https://martinez-bell.biz/', 'http://strickland.com/', 'http://www.hall-stevens.net/'];madison37;Angela Miles;F;"318 Walker Vista Apt. 379
Colefurt, NY 83732";willie20@yahoo.com;1963-09-08
Estate agent;Davis-Frank;003-79-1435;"334 Robert Highway
West Todd, MI 07307";(Decimal('76.7704665'), Decimal('97.285513'));A-;['http://www.kelly.com/', 'http://king.info/'];xbeck;David Young;M;"1708 Kristin Fords Apt. 745
Rossstad, WI 16044";piercechristine@hotmail.com;1909-08-04
Garment/textile technologist;Odonnell PLC;772-05-4644;"6826 Anna Drive
Robertville, SC 16407";(Decimal('-65.932806'), Decimal('138.658556'));AB+;['http://www.bell.biz/', 'http://www.pugh.org/'];lopezalbert;Jason Myers;M;"935 Davis Dale
Port Joseview, LA 91443";christopher16@hotmail.com;2012-04-10
Health service manager;Miller-Jensen;684-67-0557;"9153 Christina Ferry
Velazquezborough, ME 38937";(Decimal('-17.6202585'), Decimal('-37.876712'));AB+;['https://www.moreno.com/', 'http://jacobs.net/'];suzanne85;Alice Brown;F;"PSC 2864, Box 1328
APO AA 82065";matthew73@gmail.com;1991-06-22
Historic buildings inspector/conservation officer;Long-Holland;520-88-2281;"16225 Scott Crossroad
Lake Darrell, IL 09048";(Decimal('-57.9859995'), Decimal('-106.148839'));O-;['http://www.lynch-stevens.com/', 'http://www.salazar.org/', 'http://www.parker-carlson.biz/', 'http://wright-villegas.com/'];gregory31;Vicki Lee;F;"35270 Turner Oval Apt. 401
South Michelle, NH 81889";warrenberry@gmail.com;1910-12-08
Audiological scientist;Carey-Hinton;855-84-9641;"PSC 3672, Box 6977
APO AP 64354";(Decimal('45.008535'), Decimal('161.008264'));A-;['https://www.mccarthy.com/', 'https://www.olsen.net/'];johnsimmons;Jeffrey Cook;M;"4483 Wright Union
Alexanderstad, IL 92051";jenniferdelacruz@yahoo.com;1973-04-06
Veterinary surgeon;Gentry Inc;332-80-6387;"7369 Lauren Green Apt. 858
Michaelberg, AK 79507";(Decimal('-34.8933115'), Decimal('143.551139'));A+;['http://www.chase-mcgrath.net/', 'https://deleon.org/', 'https://www.downs.net/'];angela88;Alyssa Lang;F;"496 Elaine Fort Apt. 300
East Sheila, NJ 47672";khughes@gmail.com;1967-10-29
Volunteer coordinator;Jones Ltd;530-12-8310;"62814 Mccall Manors
West Joshua, CT 34577";(Decimal('-69.480193'), Decimal('-102.593608'));AB+;['https://www.fields.com/'];hsimmons;Haley Hernandez;F;"72562 Lopez Plains
Alexandertown, IA 20475";sullivanpaula@gmail.com;1974-11-21
Engineer, communications;Mccarty-Mcdonald;440-97-2417;"USNV Anderson
FPO AA 15666";(Decimal('13.5782615'), Decimal('-150.481950'));B+;['https://www.burns-mcintosh.com/', 'https://wilson.org/'];jeremy49;Melissa Young;F;"845 Kristin Lock
Gilesberg, WI 47690";cookphilip@yahoo.com;1964-01-06
Pensions consultant;Wilson Ltd;428-38-6879;"750 Mclean Lights Apt. 005
Ashleyfort, GA 83450";(Decimal('-83.0448545'), Decimal('-96.089805'));A+;['https://rodriguez.info/', 'http://hall-rodgers.com/'];gregory97;Stephanie Gallagher;F;"USCGC Smith
FPO AA 21528";ramirezkristine@hotmail.com;1952-06-25
Teacher, adult education;Hill-Brooks;319-68-4256;"785 Catherine Drive Apt. 116
Rebeccaburgh, MA 76072";(Decimal('24.950088'), Decimal('-76.071789'));O+;['https://www.cruz.com/', 'http://rodriguez.com/', 'https://www.kim-may.com/', 'https://mcdaniel.net/'];ksullivan;Sarah Osborne;F;"60154 Wright Burg Apt. 377
North Stephanie, OH 04563";melinda76@hotmail.com;2001-06-07
Chief Technology Officer;Reyes Ltd;030-85-7100;"8496 Hicks Mill
North Charles, ID 96784";(Decimal('-65.492736'), Decimal('-60.638112'));A+;['http://hill.net/'];parksjoshua;Daniel Bell;M;"22525 Stephen Court
Williamstown, KS 36711";xscott@yahoo.com;2017-07-10
Clinical embryologist;Knight, Perez and Davis;798-74-0145;"956 Smith Course
Anthonyport, MN 97554";(Decimal('-85.0509575'), Decimal('-159.952776'));AB+;['https://white.info/'];ifletcher;Joseph Brooks;M;"8473 Elliott Hill
Sarahfurt, MI 94970";santiagostephanie@hotmail.com;1995-09-07
Seismic interpreter;Hopkins-Tyler;081-36-8395;"173 Garcia Manors
Coryview, ND 25442";(Decimal('59.904525'), Decimal('-84.764846'));B+;['https://brown-welch.com/', 'https://lee.com/', 'http://www.hooper.com/'];kristine85;Steven Lewis;M;"482 Tammy Crossing
Howellchester, WY 99006";xdavid@gmail.com;1981-11-21
Operations geologist;Freeman, Dennis and Lopez;523-70-1003;"80487 Robert Vista
West Cody, SC 90911";(Decimal('37.404513'), Decimal('-52.114731'));A+;['http://www.nielsen.org/'];craigrodriguez;Jason Campbell;M;"0314 Woods Trail
South Nicolestad, AR 14849";cwood@hotmail.com;2007-09-23
Naval architect;Frank, Cross and Martin;752-78-4617;"Unit 1002 Box 7617
DPO AE 48472";(Decimal('89.3354345'), Decimal('-127.638138'));AB+;['http://www.montgomery.info/', 'http://www.cunningham-smith.info/'];xrice;Andres Brown;M;"8329 Lee Mills Suite 383
Stephaniefurt, OK 01001";fyoung@yahoo.com;1920-05-05
Commercial/residential surveyor;Carter, Thomas and Hughes;771-51-4760;"2817 Williams Valley
Leeville, WA 83116";(Decimal('28.637521'), Decimal('41.644850'));O+;['http://www.andrews.com/', 'https://wells.com/', 'http://hill.net/', 'https://www.johnson.com/'];louisgentry;Jessica Jenkins;F;"2143 Smith Underpass
Brittanystad, SC 17597";fpark@gmail.com;1925-02-21
Pensions consultant;Russell-Pineda;832-32-9343;"53063 Cervantes Spurs Suite 415
Jacobmouth, WV 03405";(Decimal('-65.011034'), Decimal('-132.837981'));AB+;['http://johnson-massey.net/', 'https://www.bass.net/', 'https://www.myers.com/'];katherine90;James Hobbs;M;"094 Deborah Walks Apt. 000
Walkerside, MS 03881";paul73@yahoo.com;1998-11-21
Field seismologist;Stone Ltd;099-21-0044;"2596 White Spur Suite 741
Bartonburgh, OK 21542";(Decimal('50.7339405'), Decimal('27.178737'));AB+;['http://www.taylor.com/', 'http://www.lin.com/', 'https://www.downs.biz/'];hobbsstephanie;Michael Johnson;M;"2635 Nicole View
South Mitchellburgh, DE 02766";angelajackson@yahoo.com;2017-01-01
Immigration officer;Martinez Ltd;567-94-4888;"74921 Smith Run Suite 183
Jasonmouth, MA 25952";(Decimal('-71.0729035'), Decimal('-41.469445'));AB-;['http://soto-hood.com/', 'http://www.vargas.net/', 'http://bowers-long.com/'];perezstacie;Ricky Chambers;M;"PSC 9908, Box 1506
APO AP 58119";nscott@hotmail.com;1998-04-14
Air cabin crew;Melendez LLC;499-28-9256;"81440 David Hills Apt. 605
Rogersmouth, AR 33645";(Decimal('86.509802'), Decimal('-36.256026'));A+;['http://martin.info/'];allenmelanie;Jill Kim;F;"9132 Deanna Prairie
Justinbury, KY 40126";tinaschroeder@yahoo.com;2019-05-07
Artist;Jackson-Martin;112-43-1054;"780 Harris Underpass
New Gina, AL 98829";(Decimal('81.9361545'), Decimal('-119.850493'));AB+;['http://www.manning.com/', 'https://rose-vazquez.com/', 'http://allison.biz/'];sandra34;Margaret Woods;F;"503 Jerry Islands
North Brendaton, KS 72685";wgonzalez@gmail.com;1953-11-04
Bonds trader;Byrd, Gonzalez and Brown;144-31-9889;"39258 Ortiz Plains Suite 078
Anthonyland, CT 90457";(Decimal('-27.833266'), Decimal('158.899398'));A-;['http://www.sellers.com/', 'http://www.mora.org/', 'http://watson.info/'];kristinpatterson;Carrie Bridges;F;"USS Silva
FPO AP 35381";hmoody@hotmail.com;1951-10-02
English as a second language teacher;Thompson-Williamson;462-82-5708;"43321 Stephanie Prairie Suite 352
South Tracy, GA 81122";(Decimal('-25.6554215'), Decimal('38.804422'));A-;['http://www.arnold-flynn.com/'];shelbyvilla;Kelsey Brown;F;"450 Shaffer Forest
Williamburgh, NY 65163";athomas@yahoo.com;2014-03-07
Solicitor, Scotland;Mcdaniel-Hubbard;763-76-3387;"863 Hendricks Mountain
Randallview, KS 90113";(Decimal('40.203552'), Decimal('-116.477258'));AB-;['http://goodman-lawrence.net/'];zwood;Joanna Wood;F;"1507 Amy Summit
Kelleyport, WA 53847";keithwilliams@gmail.com;1975-08-05
Geneticist, molecular;Valdez LLC;474-11-3083;"76164 Ashley Road
Lake Jameschester, NY 29417";(Decimal('-89.769462'), Decimal('-33.182728'));AB-;['https://www.huffman-lee.com/', 'https://schneider-orozco.com/', 'https://www.ponce-scott.biz/', 'http://rodriguez.com/'];miguelfields;Kelsey Shaw;F;"158 Rivas Course
Emmachester, RI 06268";gharrington@hotmail.com;1928-11-26
Research scientist (life sciences);Yu-Burton;148-31-2284;"381 Nicole Turnpike
Ayersstad, MO 44560";(Decimal('-86.5477545'), Decimal('-9.513236'));AB+;['http://www.olson-mcknight.com/'];gruiz;Matthew Marshall;M;"6375 Sanchez Grove Apt. 234
Joneschester, WV 45815";tgillespie@gmail.com;1986-03-06
Engineer, manufacturing;Villa Inc;540-12-5082;"PSC 5987, Box 7763
APO AA 72269";(Decimal('-57.4602005'), Decimal('-69.470439'));O+;['https://moore-taylor.biz/', 'https://www.west.com/'];iancunningham;Donald Hoffman;M;"4992 Christopher Trail
Port Arthur, HI 66636";wilsondavid@hotmail.com;1997-10-20
Commercial/residential surveyor;Lopez-Villa;281-34-6127;"40913 Katelyn Parkways
Carolhaven, CT 03439";(Decimal('-85.355535'), Decimal('25.155471'));B-;['http://www.tucker.biz/', 'https://www.ferguson-gray.com/', 'http://www.clark-bennett.com/'];vmason;Carlos Cunningham;M;"54950 Reyes Stravenue
Laurentown, WV 95728";ytaylor@hotmail.com;1971-09-17
Applications developer;Nolan, Walter and Castillo;363-96-8599;"1566 Noble Views
Monicaton, MN 82614";(Decimal('-89.484172'), Decimal('-53.004746'));A+;['https://stanton.biz/', 'https://www.wells-martinez.com/', 'https://www.vazquez-rodriguez.com/', 'https://www.knox.com/'];samantha86;Mrs. Martha Reid;F;"029 Matthew Glen Apt. 300
West Rachael, MN 60837";gatesbarry@gmail.com;1976-12-26
Television/film/video producer;Perez-Burns;651-09-2180;"229 Morgan Pine
Bryanbury, ID 28319";(Decimal('-63.7708275'), Decimal('174.330770'));AB+;['https://www.fields-contreras.com/', 'https://www.wood-elliott.com/', 'https://krueger-black.com/'];charlescampbell;Adrian Moore;M;"44095 Weaver Land Suite 887
Charlesfurt, CO 40529";lauren38@hotmail.com;1945-06-25
Building control surveyor;Lloyd, Gomez and Burton;448-47-5563;"9886 Jeremy Ranch Apt. 970
New Bryanstad, WI 34807";(Decimal('59.450968'), Decimal('3.916717'));O-;['http://www.jones-king.info/', 'https://smith.com/', 'https://www.romero.biz/', 'https://rogers.com/'];mark84;Troy Baldwin;M;"111 Barnes Station
South James, IA 20252";joseph30@hotmail.com;1999-07-18
Senior tax professional/tax inspector;Jones, Diaz and Lewis;600-69-2292;"05178 Ronald Burgs
Sullivanborough, FL 23053";(Decimal('28.865578'), Decimal('-104.919474'));A-;['https://martinez.info/'];jfrost;Eric West;M;"455 Hodges Turnpike Apt. 109
South Carl, SD 02478";cparsons@gmail.com;2007-09-10
Financial adviser;Daniels PLC;179-13-3870;"9483 Michael Parks Suite 969
North Ronnie, MT 89360";(Decimal('-13.780843'), Decimal('126.779977'));B+;['http://www.chapman-bruce.com/'];justindavis;Martin Jones;M;"87930 Jeffrey Turnpike Apt. 269
Washingtonfort, TX 03714";ariley@gmail.com;1976-01-16
Engineer, automotive;Rivera, Cole and Diaz;373-55-7826;"211 Wilson Lane Apt. 041
West Stephanieborough, SD 64341";(Decimal('6.259187'), Decimal('-127.647879'));B-;['http://bennett-barnes.com/', 'https://davis-murphy.com/'];victoria22;Angela King;F;"065 Laura Views
West Sarabury, LA 16850";laura73@gmail.com;1933-09-21
Programme researcher, broadcasting/film/video;Butler, Bradley and Schmidt;506-80-4348;"68107 Garcia Meadows
Marytown, HI 40688";(Decimal('50.8477085'), Decimal('-117.432052'));O+;['http://harris-may.com/', 'http://www.huff.com/', 'http://wolf.com/'];butleralexandra;Phyllis Pugh;F;"3973 Nancy Neck
Lake Deannaburgh, NC 70796";scowan@gmail.com;1975-02-06
Arts development officer;James and Sons;304-85-8762;"3549 Lisa Knolls
South Chaseport, UT 09428";(Decimal('57.023372'), Decimal('-93.979128'));B-;['http://herrera.org/', 'https://www.flores-johnson.com/', 'http://gonzales.biz/'];tonyapetersen;Eric Ellis;M;"5161 David Junctions Apt. 240
Joshuamouth, RI 02687";pearsonanthony@hotmail.com;2002-10-24
Biomedical engineer;Murphy, Holt and Serrano;595-31-3425;"534 Willie Viaduct
Lanetown, OH 10752";(Decimal('81.6709915'), Decimal('139.166272'));AB+;['https://powell.com/', 'https://www.johnson.com/', 'https://www.hunter.biz/'];vincentkyle;Ronald Santiago;M;"841 Lane Crest Suite 713
West Molly, IA 85901";debbieanderson@yahoo.com;1907-04-05
Engineer, automotive;Holland Group;197-67-2499;"09780 Sheila Points Apt. 241
Salazarfurt, NV 14255";(Decimal('8.306605'), Decimal('20.834818'));B+;['http://walker-howard.com/', 'https://ellison.info/'];steven90;Michelle Smith;F;"12891 Douglas Mall
Greenhaven, TN 13192";brittneymoore@yahoo.com;1922-01-07
Engineer, production;Dennis Ltd;295-42-2828;"20956 Young Vista Apt. 733
West Nicole, RI 35626";(Decimal('-23.346627'), Decimal('174.340365'));A-;['https://www.olsen-morris.net/', 'https://www.morris.net/'];riveranicholas;Nancy Turner;F;"303 Weaver Oval Apt. 699
Baileyburgh, NM 69014";donnaball@yahoo.com;1955-12-28
Management consultant;Garcia-Taylor;029-58-8702;"5979 Stewart Land Suite 939
West Angelastad, KS 10210";(Decimal('-57.249657'), Decimal('-70.264085'));B-;['https://carter.com/', 'http://www.chase.com/'];trevorfrench;Mrs. Shelby Bender DDS;F;"7540 Deborah Mountain Apt. 402
North Charles, IL 15085";connerkatie@hotmail.com;1924-08-29
Optician, dispensing;Hughes, Ramirez and Davis;243-52-0787;"Unit 0981 Box 5919
DPO AP 05343";(Decimal('19.4506225'), Decimal('-59.794796'));AB-;['http://www.lee.org/', 'https://carpenter.biz/', 'http://knight.com/'];mooneyphillip;Debra Martin;F;"5101 Martinez Points Suite 409
South Kevin, LA 49178";lauren58@gmail.com;1975-12-07
Sub;Diaz and Sons;133-74-0573;"9196 Baker Parks Suite 670
Port Matthew, UT 37032";(Decimal('-88.018733'), Decimal('35.066414'));A-;['http://frazier-miller.org/'];wcox;Savannah Nunez;F;"19782 Jose Corner Suite 507
South Hollyfort, OH 51933";ocampbell@gmail.com;1957-12-11
Veterinary surgeon;Johnson-Flores;850-86-7994;"8879 Susan Lodge
Jonesfurt, NY 76506";(Decimal('-63.011471'), Decimal('33.969511'));A-;['http://hartman-collins.org/', 'http://www.lyons.com/', 'http://www.baker.com/', 'https://www.smith.com/'];crystal28;Carlos Davis;M;"USNS Bernard
FPO AE 23094";stanleyjeffery@gmail.com;1952-01-13
Communications engineer;Velazquez LLC;420-08-0970;"4356 Catherine Station Suite 997
Derekstad, NM 96746";(Decimal('-76.1687965'), Decimal('-36.919664'));B-;['http://www.davis.com/'];alexanderstephanie;Karen Johnson;F;"11701 Erin Mission
Harrisontown, MI 28880";douglasjustin@gmail.com;1973-08-29
Agricultural consultant;Jackson, Tanner and Larsen;059-30-1604;"8422 Mary Trafficway
West Laura, NJ 07938";(Decimal('36.4428635'), Decimal('-48.693246'));AB+;['https://www.cooper-diaz.biz/', 'https://oliver.com/', 'http://brown.com/', 'https://higgins.com/'];kimberly10;Melinda Carter;F;"130 Gomez Cliffs Apt. 868
North Jason, NH 46464";anthonysmith@hotmail.com;1949-05-31
Dealer;Figueroa Group;271-75-7821;"6199 Castillo Meadows
Elizabethfurt, WA 59464";(Decimal('-68.260575'), Decimal('116.727997'));B-;['https://www.jacobson-todd.info/', 'https://reese.org/', 'https://mathis-mitchell.com/'];laurensims;Jeffrey Foster;M;"Unit 2270 Box 9805
DPO AP 74581";timothy91@gmail.com;1921-09-24
Exercise physiologist;Mendez, Huff and Garcia;713-51-1477;"7036 Rogers Bypass Suite 723
New Andrewmouth, CT 69142";(Decimal('-16.535417'), Decimal('99.692711'));B+;['http://www.smith-cooper.com/', 'https://patel-randolph.net/', 'http://www.mckinney.com/'];david23;Kristen Tate;F;"9360 Albert Corners
Antoniomouth, VA 13437";ericbryant@gmail.com;1979-06-12
Surveyor, quantity;Watson PLC;622-50-8217;"1238 Samantha Skyway Suite 399
Jenniferhaven, AZ 25461";(Decimal('-82.424079'), Decimal('100.257037'));O+;['http://www.mccoy.org/'];clarkgerald;William Young;M;"0683 Anthony Way
Jenniferhaven, ME 94406";nicoledougherty@gmail.com;1922-07-19
Scientist, product/process development;Jones PLC;627-57-4516;"33314 Christina Garden Suite 211
Stevenmouth, AR 78514";(Decimal('22.850989'), Decimal('-43.174843'));O-;['https://foster.org/', 'http://jordan-marshall.com/', 'http://mitchell.info/'];toddgarrison;Melvin Taylor;M;"84945 Cody Islands
Chelseaside, ME 96053";nbecker@yahoo.com;1933-09-03
Surveyor, building;Camacho-Gonzalez;533-47-0777;"025 Donald Extensions
East Scott, AR 86037";(Decimal('-49.8868575'), Decimal('159.840921'));O+;['http://www.walton-white.com/', 'http://www.cooper.com/', 'http://www.ayers.biz/'];gonzalessheila;Nicole Allen;F;"09857 Michael Circle Suite 958
Maloneville, NY 71089";sandrasanchez@gmail.com;1995-08-22
Surveyor, quantity;Davenport Ltd;781-79-7706;"81894 Tara Court Suite 826
Chadmouth, TN 04708";(Decimal('60.5443965'), Decimal('-20.174629'));A+;['https://www.owens.com/', 'http://barnes.com/', 'http://wright-salazar.com/'];bsullivan;Brittany Flynn;F;"97622 John Harbors Apt. 906
Zacharyborough, NC 33251";zmoore@hotmail.com;1962-07-22
Microbiologist;Hughes LLC;623-69-1406;"6112 Vargas Center Suite 186
Lake Amanda, PA 75023";(Decimal('-13.6612785'), Decimal('43.100919'));B+;['https://day-avery.com/', 'https://www.miller.org/'];ashley20;Luis Fisher;M;"156 William Flats Apt. 288
Stephanieberg, CA 84675";angelicasmith@yahoo.com;2015-10-01
Learning mentor;Franklin-Roberts;255-85-6013;"6758 Burnett Fields
Jenningsview, NV 55346";(Decimal('-74.4126165'), Decimal('177.292907'));A+;['http://stevens.com/', 'http://rodriguez-jones.com/'];stacy63;Rachel Matthews;F;"USNV Burke
FPO AA 21880";oberry@hotmail.com;1991-06-09
Production designer, theatre/television/film;Edwards, Wells and Shelton;758-79-4160;"7560 Phillip Meadow Apt. 471
Judyshire, UT 32971";(Decimal('59.8152635'), Decimal('-13.456835'));A-;['https://cooper-garrison.com/', 'http://hill.com/', 'http://white.com/'];pbrown;Richard Torres;M;"6145 George Burgs Apt. 254
South Gina, NH 33947";nguyendennis@hotmail.com;1931-07-22
Librarian, academic;Thomas, Medina and Jackson;739-62-0088;"7243 Duncan Villages Apt. 174
West Sara, IN 42426";(Decimal('-8.1326585'), Decimal('-7.786068'));B+;['http://miller.net/', 'http://randall.com/'];lopezkayla;Nancy Baldwin;F;"8723 Smith Estates Apt. 482
Woodbury, IL 92508";angelicamartinez@gmail.com;1925-01-29
Animal technologist;Walters, Collier and Rosales;365-71-8719;"9108 Patel Creek Apt. 115
Dorothyhaven, KY 37341";(Decimal('-34.342009'), Decimal('-160.925174'));O+;['https://baker-lee.com/', 'http://davis.com/'];jenkinsmiguel;Jane Walker;F;"0273 Cynthia Hollow
Martinshire, WY 78839";robert78@yahoo.com;1918-01-29
Chief Marketing Officer;Wheeler PLC;820-17-0590;"0978 Jasmine Station Suite 233
South Travis, HI 80134";(Decimal('-52.027672'), Decimal('151.339504'));AB-;['http://smith.com/', 'http://nguyen.com/'];karen55;Timothy Woods;M;"80753 Drake Point
Castrochester, SC 74486";pbolton@gmail.com;1932-05-14
Engineer, biomedical;Decker Inc;055-59-0044;"04557 Wiley Summit Suite 170
Amberburgh, TX 96295";(Decimal('-48.049901'), Decimal('-169.014573'));O-;['https://www.mitchell-rangel.com/', 'https://garcia.com/'];jasongonzalez;Jose Love;M;"684 Justin Village
Riosville, WA 95159";kevin44@yahoo.com;1973-02-15
Location manager;Flynn-Wright;780-79-3443;"492 Lisa Station
Lake Alexandriaport, DE 87110";(Decimal('-81.719988'), Decimal('-11.629996'));B+;['https://www.manning.com/', 'https://moore-ferguson.com/', 'http://moon-roberts.com/', 'https://reed.com/'];emily52;Jennifer Smith;F;"1937 Marc Overpass
East Matthew, OR 12716";nancyterry@gmail.com;2013-09-21
Media buyer;Barr-Saunders;252-59-0792;"Unit 2515 Box 2819
DPO AE 02882";(Decimal('60.2809125'), Decimal('11.983686'));A-;['http://johnson.com/', 'https://www.merritt.com/'];marysmith;Madison Lewis;F;"03871 Angelica Row
Lake Chrisfurt, KS 71985";ytaylor@hotmail.com;1966-07-18
Radio broadcast assistant;Dean LLC;018-09-4731;"062 Hampton Flat
Palmerfort, KS 72632";(Decimal('41.8039865'), Decimal('-177.893732'));AB-;['https://www.shields.com/', 'https://holloway-salinas.com/', 'http://jefferson-anderson.com/', 'https://wilson.com/'];rosstara;Richard Hartman DVM;M;"USNV Reed
FPO AA 77381";samuel30@yahoo.com;1975-09-07
Engineer, civil (contracting);Solis-Russell;572-91-2623;"8256 John Glen Suite 353
Peterville, VT 48935";(Decimal('2.6282245'), Decimal('59.349633'));AB-;['https://duncan-avery.com/', 'https://www.wells-romero.biz/', 'http://www.simmons.com/'];fieldsnichole;Valerie Moore;F;"3800 Tracie Bypass
Donovantown, KS 22359";pellis@yahoo.com;1955-12-18
Architect;Owen Group;772-48-3323;"3104 Erin Neck Suite 621
East Mark, AR 10007";(Decimal('30.498638'), Decimal('143.377180'));A-;['https://www.burns.com/'];kimberlythomas;Angela Wilson;F;"Unit 3841 Box 7301
DPO AE 70514";yvonne21@gmail.com;2016-12-05
Presenter, broadcasting;Turner Ltd;214-01-9494;"2963 Sierra Lights
Meganshire, VA 60987";(Decimal('72.8961355'), Decimal('65.867087'));B-;['http://woods-adams.com/', 'https://ellis-york.biz/'];brooksmichael;Pamela May;F;"PSC 1742, Box 2513
APO AA 30830";abarnett@yahoo.com;1921-01-14
Interior and spatial designer;Santos Inc;239-13-4027;"USNV Smith
FPO AE 47300";(Decimal('-30.9639825'), Decimal('110.463978'));B-;['http://blair.com/', 'http://gardner.net/', 'https://lewis.info/'];jmartin;Emily Chavez;F;"856 Taylor Pines Suite 659
Leachmouth, NE 66667";pedwards@gmail.com;1929-04-13
Programme researcher, broadcasting/film/video;Stout-Webb;540-86-6838;"8071 Donaldson Ferry Suite 367
Dyerhaven, MA 66263";(Decimal('11.8317315'), Decimal('-55.310434'));B+;['https://www.bernard.com/', 'http://gutierrez.com/', 'http://baldwin.org/', 'https://www.cannon-williams.biz/'];yhaney;Michelle Mullins;F;"2992 Perry Overpass Apt. 142
East Leestad, OH 03697";brendajohnson@yahoo.com;1930-02-01
Operations geologist;Alvarado-Crane;797-46-6447;"31009 Ryan Mews
New Lee, MO 97137";(Decimal('85.242986'), Decimal('47.786548'));A+;['http://kramer.com/', 'http://www.davis.com/', 'http://branch.com/', 'http://jones-moody.biz/'];carolyoung;Lisa Wells;F;"9385 Smith Rest
New Williamshire, TN 38299";morganrush@gmail.com;1981-03-18
Nurse, children's;Singh Group;273-93-9250;"152 Adam Ridges
West Hannah, CT 83651";(Decimal('-89.448463'), Decimal('-20.051864'));A-;['http://payne-pham.com/', 'https://www.herman-smith.net/', 'https://www.wade.biz/'];spenceradam;Jennifer Stanley;F;"0583 Pace River
Harperstad, IL 40392";brittany43@gmail.com;1996-10-25
Ecologist;Garcia-Johnson;436-17-1854;"843 Diana Ramp
Paulport, MO 07081";(Decimal('69.017755'), Decimal('-117.366934'));AB+;['http://ross.org/', 'http://brock.info/'];juanbauer;Amanda Downs;F;"556 Curry River
Warnermouth, MD 15326";lidennis@gmail.com;1913-08-05
Osteopath;Novak, Kennedy and Cole;325-39-2242;"17845 Rebecca Fork Apt. 277
New Timothyhaven, CO 54019";(Decimal('-84.896708'), Decimal('49.035203'));A+;['http://www.lane-rogers.com/'];albert66;Sarah Hayes;F;"870 Harris Motorway
Austinburgh, FL 78561";samuel32@gmail.com;2001-10-11
Leisure centre manager;Chavez, Nolan and Richardson;415-91-8869;"8836 Karen Street Suite 281
Katherineside, NH 79854";(Decimal('89.2130535'), Decimal('-18.734683'));B+;['http://www.hill.com/', 'https://kerr.com/', 'http://vargas.biz/'];hjones;Christine Holden;F;"64289 Steven Lock
East Timothyton, CO 34919";gardnerpatrick@hotmail.com;1991-07-18
Development worker, community;Brown PLC;263-86-2842;"61807 Tyler Parks
Martinhaven, SD 34342";(Decimal('16.288101'), Decimal('137.375099'));A+;['https://ramirez.com/', 'http://www.hodges-williams.net/'];rita84;Julie Allen;F;"38961 Ellis Meadow
South Richard, AL 93803";hogansean@gmail.com;1960-05-01
Solicitor, Scotland;Harrison, Miller and Church;809-59-9351;"PSC 3236, Box 8089
APO AA 76504";(Decimal('-45.974939'), Decimal('32.642175'));B-;['http://webb.biz/', 'https://scott.com/', 'http://www.andrade.com/'];clairemosley;April King;F;"66532 Deborah Shoal
Port Ryan, VA 24323";caitlynhoover@gmail.com;1969-12-28
Advertising copywriter;Jones, Hunt and Schneider;885-70-5803;"38369 Sandra Common
Kleinville, HI 83246";(Decimal('-83.8446315'), Decimal('97.452465'));AB-;['http://www.gomez-edwards.com/', 'https://harvey.org/'];rodriguezerica;Dustin Cook;M;"0504 Sarah Square Apt. 518
Lake James, CT 43226";jasonmiller@gmail.com;1911-07-18
Chartered accountant;David-Hernandez;507-67-5962;"214 Velez Valley Suite 024
Port Jessica, IL 93027";(Decimal('40.603883'), Decimal('125.948616'));A-;['https://rivera.com/'];qfrazier;Amber Clark;F;"034 Cobb Summit
Osbornview, CA 56680";thomasbooth@yahoo.com;2021-02-20
Theatre manager;Moses, Nunez and Lynch;192-92-6682;"2786 Louis Expressway Apt. 364
North Pamelaport, NJ 28784";(Decimal('57.397819'), Decimal('145.454461'));AB-;['https://myers.info/', 'http://hamilton.com/', 'http://www.collins.com/'];dblankenship;Stacy Hart;F;"USNV Davis
FPO AA 51859";xsummers@yahoo.com;2005-11-14
Immunologist;Tran, Clark and Jones;843-23-6874;"684 Rebecca Locks Apt. 266
North Jacobburgh, ID 02882";(Decimal('73.449660'), Decimal('80.870045'));AB+;['http://conley.info/', 'https://carroll.com/'];chadkelly;Zachary Jenkins;M;"395 Nunez Plains Suite 850
Timothymouth, CA 16977";jessica44@gmail.com;1912-06-22
Higher education lecturer;Richardson and Sons;351-54-0897;"9199 Natalie Flats Apt. 695
West Mariamouth, OK 89414";(Decimal('8.4764115'), Decimal('-138.793732'));AB-;['https://perez-rios.net/'];espinozaconnie;Melanie Rivas;F;"067 Velez Junction Apt. 069
North Juliemouth, AL 60755";david02@hotmail.com;1913-12-12
Programme researcher, broadcasting/film/video;Mitchell-Sharp;758-12-9975;"63594 Beard Mountain
Lake Carriehaven, CT 10879";(Decimal('49.219112'), Decimal('166.516296'));B-;['https://www.sanchez.com/'];bwatkins;Heather Burnett;F;"943 Brooke Route
South Wesley, DE 81901";marissajames@gmail.com;1909-08-24
Occupational psychologist;Kelley, Williams and Reynolds;242-42-0122;"6610 Frederick Road Apt. 711
Amandafort, NC 90570";(Decimal('49.1954995'), Decimal('146.796763'));B+;['https://www.estrada-smith.net/'];samanthaford;David Thomas;M;"52321 Carolyn Mews Apt. 635
South Joanne, CT 53662";cordovabrian@gmail.com;1942-05-22
Environmental manager;Ross, Wall and Walker;393-73-0449;"9064 Caitlyn Mountain Apt. 344
New Maria, HI 53169";(Decimal('-75.8485155'), Decimal('59.096387'));A-;['https://jenkins.com/', 'http://www.thompson.com/'];robertrobinson;Melissa Williams;F;"840 Myers Spring Suite 594
Knightberg, IL 64062";dcortez@yahoo.com;1944-07-25
Freight forwarder;Stevenson PLC;060-43-2640;"9726 Rachael Glens
Justinview, ID 25594";(Decimal('-46.926439'), Decimal('172.228678'));AB+;['http://mann.com/'];mary26;Mark Smith;M;"30222 Jennifer Expressway Suite 241
Cunninghamshire, OK 68133";coxantonio@hotmail.com;1923-07-07
Librarian, academic;Cox, Spencer and Burke;157-21-2886;"995 Marshall Alley Apt. 718
Lake Alexis, DC 53532";(Decimal('-85.6977285'), Decimal('-69.975004'));AB-;['http://flynn.com/'];anthony12;Greg Alvarez;M;"43130 Jo Lodge
Zacharyfurt, AZ 30666";lindajohnson@gmail.com;1973-01-15
Administrator, arts;Deleon LLC;593-60-3074;"187 Harris Knoll
New Russell, WV 64231";(Decimal('85.2935395'), Decimal('76.276378'));B+;['http://www.villarreal.com/', 'https://www.key.info/'];tjohnson;Dean Sims;M;"6824 Bryant Trafficway
Fosterbury, AR 46229";samantha00@gmail.com;2012-05-25
Civil Service fast streamer;Hansen, Bennett and Little;310-63-0090;"112 Santos Crossroad
West Lisa, PA 98622";(Decimal('19.9404595'), Decimal('161.005887'));A-;['https://www.hopkins.info/', 'http://murphy-liu.net/', 'http://www.mcfarland-arroyo.com/', 'https://hunter.com/'];davidreeves;Mr. Daniel Kennedy MD;M;"8398 Ho Fall
West Billybury, WI 17273";kevinochoa@gmail.com;1920-09-03
Engineer, mining;Cook-Hampton;689-06-9853;"59064 Stacy Walks
South Dorothyburgh, CT 54985";(Decimal('37.4399685'), Decimal('-167.068471'));B-;['http://www.cook-ellison.com/'];frankjimenez;Michael Rivas;M;"1466 Bartlett Manors Apt. 881
Nicholasshire, AL 68919";sarafoley@hotmail.com;1971-09-21
Teaching laboratory technician;Orr Ltd;054-58-9146;"48908 Morgan Mountain
Richardview, CO 32012";(Decimal('-60.899708'), Decimal('118.802442'));B-;['http://carr-cobb.com/', 'https://www.johnson.com/', 'https://www.nguyen.biz/'];wrightmelinda;Susan Jones;F;"245 Diana Summit Suite 450
Christopherchester, TN 04374";jimenezlisa@hotmail.com;1994-01-17
Education officer, museum;Jones LLC;503-38-3425;"7797 Miller Estate Apt. 274
North Donna, RI 21673";(Decimal('-89.527852'), Decimal('101.818166'));AB+;['http://west.com/'];justinmoss;Rodney Barnes;M;"9590 Kimberly Ports
South Christina, NY 16180";irwinjonathan@gmail.com;1931-11-27
Industrial/product designer;Massey-Strong;113-75-4843;"92603 Malik Valleys Apt. 536
Wrightfurt, ME 76019";(Decimal('-49.1993645'), Decimal('-93.578880'));B-;['http://www.klein.biz/'];ejohnson;Linda Vargas;F;"PSC 3491, Box 3762
APO AP 36979";kadams@yahoo.com;1990-04-18
Operational investment banker;Smith LLC;358-45-1478;"5256 Bryce Freeway Apt. 662
West Katelynville, CO 07942";(Decimal('27.874081'), Decimal('0.010639'));B+;['https://wood.com/', 'http://hanson-chase.biz/'];woodian;Christopher Johnston;M;"1660 Frank Stream Apt. 256
Liberg, LA 81955";kcohen@gmail.com;1958-07-18
Medical physicist;Hawkins, Kidd and Harper;078-78-7304;"3689 Miller Canyon Suite 197
South Markfurt, IL 82455";(Decimal('-38.007211'), Decimal('177.226025'));B-;['https://bender-cain.com/', 'http://pearson.com/'];owenedward;Robin Adams;F;"0439 Jennifer Square
Samanthafort, TX 22181";james73@gmail.com;1972-01-02
Chief Strategy Officer;Esparza-Foley;196-29-7809;"USNV Brown
FPO AE 35259";(Decimal('11.433482'), Decimal('-175.283511'));A+;['https://www.leon.info/', 'https://www.murillo.info/', 'http://hughes.biz/', 'https://morales-tucker.com/'];tiffanyarnold;Jasmin Merritt;F;"1762 Chad Hills
Port Maria, ID 41429";sheri31@hotmail.com;1996-05-21
Film/video editor;Adams PLC;331-43-3408;"0813 James View Apt. 581
Kathyport, IN 72982";(Decimal('-75.8298865'), Decimal('-25.535393'));AB+;['https://perez-wise.info/'];eric09;David Harvey;M;"88755 Robert Brook Apt. 988
Jeremyborough, CA 77608";riceerica@gmail.com;1925-05-16
Designer, graphic;Young, Soto and Brennan;454-39-0834;"406 Priscilla Roads
North Seth, OK 70864";(Decimal('86.8231645'), Decimal('-10.907351'));O-;['http://www.duncan.com/'];zdominguez;Robyn Nelson;F;"0222 Richard Fort Suite 076
North Jennifer, NJ 22817";karen44@hotmail.com;1927-12-07
Claims inspector/assessor;Mason, Ortiz and Johnson;062-99-9945;"45612 Stephanie Turnpike
Sandraside, KY 89556";(Decimal('85.866668'), Decimal('84.375767'));O-;['https://lewis.org/', 'https://www.ford-sanders.com/'];youngjeff;Samantha Nash;F;"43238 Cordova Dale Suite 262
West Joshua, OH 06739";martha12@yahoo.com;2005-08-19
IT trainer;Rodgers, Cox and Hoffman;237-40-9524;"99572 Shawn Lodge Suite 222
Michaelstad, IN 69879";(Decimal('-79.1790665'), Decimal('-18.079559'));O+;['https://williams.com/', 'http://morris.org/', 'http://www.dennis-waller.info/', 'https://brown-lopez.com/'];haneyroger;Courtney Wood;F;"67216 Joseph Lights Apt. 609
South Susanmouth, CT 79880";dixonlee@hotmail.com;1944-01-09
Hydrographic surveyor;Smith, Murphy and Edwards;513-14-3030;"046 Carroll Pass
West Roberta, KS 64086";(Decimal('52.9846565'), Decimal('-87.939863'));AB-;['http://www.russell.org/'];gstewart;Kelly Simmons;F;"12423 Cox Lodge Apt. 182
North Tammyhaven, AR 87418";tonya17@hotmail.com;1991-05-02
Psychiatric nurse;Edwards, Scott and Frederick;823-07-7205;"228 Dustin Fork
South Ashley, VA 61474";(Decimal('19.9061205'), Decimal('2.707675'));O-;['https://www.nelson-lloyd.net/', 'https://www.young.com/', 'https://www.ball.com/'];maria58;Ashley Phillips;F;"01853 Nancy Plains
New Suzanne, MD 25608";katie22@gmail.com;1920-01-24
Horticultural consultant;Fuller-Parks;446-24-9378;"29013 Herrera Dam Suite 588
Lake Kristin, CO 88002";(Decimal('20.855700'), Decimal('-51.530617'));A-;['http://elliott.net/', 'http://www.martinez.com/', 'https://house.com/', 'http://www.richards-velasquez.com/'];icameron;Brian Miller;M;"87096 Huynh Plains
Woodfort, SD 77855";williamsondaniel@hotmail.com;1930-02-11
Systems developer;Peterson-Short;439-07-1311;"4850 Frederick Brooks Apt. 368
North Elizabethmouth, RI 26733";(Decimal('-11.138028'), Decimal('25.852233'));O-;['https://www.vaughn-gordon.com/', 'https://www.greer.com/', 'https://www.durham-frank.com/'];patricksandoval;Kevin Ross;M;"9708 Brandon Estate Apt. 609
Alexisshire, AK 86141";swansontim@yahoo.com;2003-10-12
Administrator, arts;Sandoval, Taylor and Turner;184-22-3705;"6812 Jeffrey Radial Apt. 825
Cordovashire, WI 03279";(Decimal('45.305811'), Decimal('15.667628'));B+;['https://www.owens.info/', 'http://castro-williams.com/'];sarahwhite;Jesse Webb;M;"34261 Smith Trail Apt. 535
New Alexa, CT 94689";gthompson@gmail.com;1929-04-30
Surveyor, land/geomatics;Sims-Hernandez;203-84-2556;"072 Rosales Summit Apt. 402
West Richard, DC 21021";(Decimal('16.0633725'), Decimal('-129.546421'));AB+;['https://www.stanton.org/', 'http://williamson.biz/'];powellamanda;Ethan Decker;M;"955 Kevin Pine
West Joshuastad, SC 34102";justinschaefer@yahoo.com;1940-08-30
Clinical psychologist;Thompson, Knox and Harrison;584-73-8698;"9512 Brent Union Apt. 633
New Timothyfort, IA 88238";(Decimal('-21.760319'), Decimal('97.479256'));O-;['https://frey-cooper.net/', 'http://www.fernandez.com/', 'http://www.phillips-ellis.com/'];kjones;Kristi Woodward;F;"2830 Michelle Forks Suite 761
New Jennifer, KY 49436";bhicks@yahoo.com;2017-05-25
Curator;Crawford Ltd;821-23-7777;"48065 Teresa Villages
Jessicaside, LA 67949";(Decimal('-27.513756'), Decimal('130.825640'));O+;['https://smith.com/'];phillipjohnson;Jeffrey Long;M;"5105 Rogers Lodge Suite 022
Robinsonbury, NC 82500";omiller@gmail.com;1906-12-01
Insurance risk surveyor;Pena, Grimes and Watson;407-50-5153;"20610 Kelly Mill
Herreraville, AL 21908";(Decimal('79.087013'), Decimal('-95.597368'));O+;['http://www.flores.com/', 'https://www.holmes.org/', 'https://www.west.com/'];beth88;Luis Moore;M;"6393 Summer Mount
West Louisberg, LA 16089";spencer97@yahoo.com;1944-02-13
Recycling officer;Carey-Pearson;305-98-7015;"6605 Holloway Curve
Port Denise, MI 16269";(Decimal('46.8065485'), Decimal('23.050717'));A+;['http://www.villanueva-rodriguez.net/', 'http://thomas.org/', 'https://green.com/', 'https://www.sawyer.com/'];vanessa63;Brandi Dean;F;"046 Jason Route Apt. 305
Brandonview, KY 87445";mccoylaura@hotmail.com;1983-12-24
Personal assistant;Phillips Group;433-78-0322;"625 John Fork
Melissabury, LA 25571";(Decimal('62.745835'), Decimal('150.149757'));B+;['https://archer.com/', 'http://www.cook-white.org/'];shermanjustin;Tracy Oconnell;F;"0942 Carol Motorway Suite 299
Kristinfort, LA 22657";elizabethgraves@gmail.com;1931-11-29
Administrator;Allen, Brown and Ortiz;828-21-1891;"70478 Tracy Road Suite 828
Kingshire, AR 70022";(Decimal('12.020422'), Decimal('8.784038'));B-;['http://www.riley-peters.com/', 'https://douglas.biz/', 'http://miller-shelton.com/'];michellewright;Samuel Davis;M;"741 Richard Camp
Kellystad, CT 13847";christinehuang@yahoo.com;1985-05-24
Trade mark attorney;Johnson-Jones;757-60-5777;"44800 Johnston Fort
Dunnmouth, NY 02288";(Decimal('17.329115'), Decimal('77.287464'));AB+;['http://mccarthy.com/', 'http://thomas.com/'];ipittman;Tonya Thompson;F;"0959 Michael Drive Suite 330
West Louisview, IL 45186";williamingram@hotmail.com;1910-11-28
Animator;Gardner-Harris;671-21-8949;"91402 Sean Islands
South Leah, NV 57771";(Decimal('-67.359608'), Decimal('-20.595863'));A-;['http://walker.com/', 'http://www.walker-navarro.org/', 'https://www.wilson.biz/'];murrayjorge;Justin Barrett;M;"7923 Laura Ridges Apt. 255
Jacobchester, NC 57392";patrick61@yahoo.com;1975-06-10
IT sales professional;Wyatt, Schwartz and Andrews;852-11-3657;"27434 Taylor Motorway Suite 102
Lake Derek, MA 44703";(Decimal('-10.4256905'), Decimal('21.674741'));O-;['http://ross.net/', 'http://www.fletcher.com/', 'https://www.roberson-copeland.net/'];randy96;Rachael Khan;F;"4590 Brown Stravenue Suite 091
Isaacville, NM 53249";ftorres@yahoo.com;2003-05-18
Manufacturing systems engineer;Wall-Walters;812-87-1969;"33560 Houston Fork
Michaelland, MO 70693";(Decimal('81.5331735'), Decimal('-66.259298'));A-;['http://www.anderson-estrada.com/', 'http://www.guzman.org/', 'http://www.smith.com/', 'https://www.hardin-soto.com/'];margaret79;Catherine Whitaker;F;"553 Rodriguez Crossroad Apt. 637
Rebeccaberg, IN 41960";bakerjeffrey@gmail.com;1962-04-03
Programmer, multimedia;Suarez, Johnson and Nguyen;351-44-8656;"03887 Shane Rapids Suite 522
Lisabury, DC 90756";(Decimal('18.686167'), Decimal('151.339647'));B-;['https://adams.info/', 'http://www.hobbs.com/'];alexandria94;Kimberly Hester;F;"0380 Harrison Shoal Apt. 380
East Christine, CO 41121";bridgesscott@hotmail.com;2000-05-18
Surveyor, insurance;Brock, Hawkins and Reese;343-70-9391;"625 Munoz Path
Port Lindachester, HI 50030";(Decimal('-86.611292'), Decimal('-62.905965'));O-;['https://bean.net/', 'http://riley.org/', 'http://www.byrd.com/', 'https://www.hayes.com/'];williamslaura;Anna Brown;F;"192 Martin Road Suite 619
Audreyburgh, PA 36993";clarkchristine@hotmail.com;1980-05-10
Radio producer;Jenkins PLC;785-94-0021;"9194 Hogan Stream
North Aaron, HI 35798";(Decimal('-78.5042465'), Decimal('-56.323070'));A+;['https://www.collins.com/', 'http://www.gonzalez.com/', 'http://www.robinson.com/', 'http://hernandez-anderson.com/'];higginsdevin;Shawn Miranda;M;"382 Robert Hills
East Kelly, OH 25837";andrea00@yahoo.com;2022-01-04
Operational researcher;Brewer-Tran;494-68-0166;"1866 Walker Alley Apt. 703
North Katherine, MN 23482";(Decimal('-58.259875'), Decimal('85.113642'));O+;['https://gonzalez.com/', 'https://www.donovan-cowan.com/', 'http://mcclure.org/', 'http://www.preston.com/'];robinsondiana;Brenda Little;F;"531 Jennifer Bridge Apt. 423
New Sarahbury, AZ 17389";andrewsantiago@hotmail.com;2017-08-15
Ceramics designer;Pierce PLC;847-08-6469;"33005 Brian Extensions
North Elizabethhaven, WV 01595";(Decimal('-82.972837'), Decimal('-95.638643'));AB+;['https://www.ellis.com/', 'https://www.bradford.info/'];robert00;Jeremy Torres;M;"580 Gallegos Circle Apt. 304
West Jacqueline, MN 68686";jeremyflores@hotmail.com;2011-08-25
Scientist, physiological;Miller PLC;767-03-7085;"398 Williams Circles Apt. 241
Floresmouth, IA 89546";(Decimal('-81.0549905'), Decimal('115.412851'));AB-;['http://www.tate-boyer.com/', 'http://mendoza.info/', 'https://adkins.biz/'];nicholasmooney;James Martinez;M;"98072 Hoffman Mountains
South Michaeltown, OK 74183";mcneilnancy@hotmail.com;1926-10-13
Cartographer;Wright LLC;117-08-3155;"531 Bennett Mills
Lake Jennifershire, OH 35365";(Decimal('-85.9826165'), Decimal('-95.564271'));O-;['https://www.vang.com/'];nhernandez;Joanne Hall;F;"14770 Smith Forge
Hayesport, IN 57148";lindsey28@hotmail.com;1960-04-13
Psychologist, educational;Robinson-Salazar;191-96-5084;"4549 Greene Passage
Josephland, AK 85016";(Decimal('-63.7323755'), Decimal('130.216491'));A+;['http://brown-rogers.org/', 'http://www.gibson.com/', 'https://www.rowe.net/', 'http://www.massey.com/'];jennifercruz;Ryan Hayes;M;"23706 Logan Village Suite 110
West Mary, NV 88270";qwilliams@gmail.com;1991-06-09
Jewellery designer;Thompson, Garner and Perkins;173-75-3911;"9652 Gregory Cove Apt. 668
South Steven, MA 55839";(Decimal('-49.869585'), Decimal('-159.589521'));A-;['https://www.levy.com/', 'http://wilkinson.biz/', 'https://www.james.com/'];goodmanrachel;Sydney Jimenez;F;"015 Johnson Loop Suite 338
New Lindamouth, WY 18302";rgreen@hotmail.com;1957-05-11
Applications developer;Doyle-Smith;198-61-4310;"8136 Rogers Motorway
Port Brianmouth, TN 52158";(Decimal('44.794443'), Decimal('-29.173504'));AB-;['https://stephens.info/', 'http://www.richard.com/', 'https://www.mitchell.org/'];kelleydeborah;Stephanie Ferguson;F;"7229 George Lock
Andersonfort, MT 49042";blankenshipsamantha@gmail.com;1971-02-28
Information systems manager;Freeman, Young and Mason;749-62-0960;"4476 John Crest Apt. 368
Alexandramouth, CA 48960";(Decimal('-56.8365075'), Decimal('-33.970763'));AB-;['http://www.brown.biz/', 'https://garcia-richardson.com/', 'http://church.org/', 'http://cabrera-barrett.net/'];laurenmoss;Jordan Harrison;M;"Unit 0699 Box 3984
DPO AA 56720";howardmichael@yahoo.com;1916-12-14
Mining engineer;Hernandez-Glass;814-50-7427;"087 Thomas Common Apt. 472
Port Lisamouth, VA 27872";(Decimal('-13.511580'), Decimal('84.830725'));B+;['https://adams.biz/', 'https://allen.org/', 'http://www.gould-jacobson.com/'];vbush;Steven George;M;"237 Thomas Green
Lake Eric, ND 26013";vegacharles@hotmail.com;1913-05-01
Engineer, electrical;Smith, Brown and Washington;517-81-9783;"1382 Hunter Port Apt. 556
West Jennifer, ND 54789";(Decimal('17.5538555'), Decimal('-178.090016'));O+;['https://friedman-floyd.com/', 'https://www.gardner.com/'];ashleyfranklin;Emily Reid;F;"42379 Williams Rest Suite 748
South Chase, DC 31512";brianhill@yahoo.com;1971-11-01
Scientist, water quality;Johnson PLC;458-64-1024;"PSC 6597, Box 1034
APO AE 63596";(Decimal('65.5069565'), Decimal('68.330269'));A+;['https://www.harris.com/', 'https://www.ford.info/', 'http://harper.com/', 'http://scott-lee.net/'];scottwilliamson;Yvonne Price;F;"46546 Lindsay Plaza
New Melindatown, SD 64598";swells@yahoo.com;1910-07-14
Dietitian;Oliver, Krause and Evans;263-99-4004;"5102 Snyder Common Apt. 720
North Christopher, AK 13860";(Decimal('-50.0855065'), Decimal('145.392138'));AB-;['https://carroll-brown.com/', 'https://mack-carroll.com/', 'https://www.anderson-frye.com/'];zreed;Brian Campbell;M;"68840 Jackson Extension
West Nathan, VA 17706";rickycrane@hotmail.com;1949-01-27
Graphic designer;Lopez, Williams and Morris;013-29-4652;"PSC 0748, Box 8844
APO AE 89451";(Decimal('17.896266'), Decimal('-72.320133'));AB+;['http://www.weiss.net/', 'http://www.gill.com/'];steven09;Andrew Coleman;M;"60043 Morales Ports
Christopherhaven, VT 05490";madison19@hotmail.com;1935-08-02
Futures trader;Young, Arnold and Delacruz;757-80-9990;"PSC 8089, Box 1353
APO AA 76167";(Decimal('48.087436'), Decimal('-80.023263'));A+;['http://taylor-smith.com/', 'https://wilson-perez.com/'];hickswanda;Darrell Robinson;M;"59078 Pearson Alley Suite 743
Port Margaretmouth, IN 60386";mooremarcus@hotmail.com;1997-10-26
Market researcher;Conway Group;418-02-2439;"9013 Wilson Way Suite 839
New Andrew, DE 07243";(Decimal('-80.5399515'), Decimal('119.358068'));A-;['https://le.com/', 'http://garcia.com/'];angelduffy;Edward Bell;M;"PSC 1916, Box 8751
APO AP 64041";joyce61@hotmail.com;1923-11-11
Film/video editor;Wilkinson, Mccarthy and Cooper;536-60-8078;"3953 William Spur
Johnchester, OK 02405";(Decimal('38.9875505'), Decimal('171.564546'));B+;['http://garcia.org/', 'https://rose.com/', 'https://www.williams.com/', 'https://haney.com/'];crystalnunez;Angela Wagner;F;"140 Edwards Key
Raybury, CO 97537";ochoaaustin@gmail.com;1960-09-26
Producer, television/film/video;Howard-Gray;302-03-7995;"479 Seth Canyon
Nunezstad, ME 92042";(Decimal('-25.5822535'), Decimal('142.604456'));AB-;['https://www.vasquez.net/', 'http://mckay.org/'];fernandezrichard;Herbert Norris;M;"132 Watson Extensions
Andrewmouth, SC 98602";anita90@gmail.com;1973-01-31
Patent examiner;Maddox-Flores;684-62-3614;"331 Cynthia Bridge
West Joannafort, OR 71510";(Decimal('-6.594990'), Decimal('-116.693520'));A-;['https://torres.com/', 'http://www.morris.com/'];johnscott;Steven Cameron;M;"30003 Owens Trace Apt. 915
Shaffertown, WA 61051";tgarcia@gmail.com;1977-01-07
Health promotion specialist;Whitehead Inc;066-27-9844;"568 Rodney Mission Apt. 480
Christineville, KY 24565";(Decimal('-62.4899315'), Decimal('171.024850'));AB-;['http://www.rodriguez.biz/', 'http://sellers.net/'];xjoyce;Mark Moore;M;"114 Johnson Fork
Wallacefurt, NJ 54141";briannajohnson@hotmail.com;1963-07-03
Brewing technologist;Gilbert Inc;638-37-0508;"98746 Stein Throughway Apt. 761
Lake Stephanieview, WI 23894";(Decimal('63.7656955'), Decimal('-33.684655'));O-;['http://chan-copeland.biz/', 'https://smith.net/', 'http://www.simmons.com/', 'https://fletcher.info/'];christine82;Debra Chavez;F;"491 Ross Underpass Suite 577
North Christopher, VA 94508";justin53@gmail.com;1991-06-05
Geophysical data processor;Benjamin-Collins;297-90-9925;"833 James Curve
North Kevin, CT 91540";(Decimal('70.1336875'), Decimal('-164.025450'));AB+;['https://moss.com/', 'https://www.moore-rivera.org/', 'https://www.cline-cook.biz/', 'https://www.johnson.com/'];brianwood;Kathleen Gay;F;"USNV Sullivan
FPO AE 86895";tlewis@gmail.com;1948-06-27
Charity officer;Miller and Sons;755-80-0173;"23525 Norris Mountains Apt. 602
West Elizabeth, MI 84804";(Decimal('8.7828015'), Decimal('15.762046'));AB-;['http://johnson.biz/', 'http://crawford-bradley.com/'];jamesmegan;Vernon Rodgers;M;"USCGC Williams
FPO AA 67250";janice74@yahoo.com;1961-12-20
Herbalist;Oneill-Petersen;458-97-0413;"81133 Rodriguez Stravenue
South Josephview, LA 33473";(Decimal('-6.536997'), Decimal('1.754845'));O-;['https://www.fisher.com/'];amy74;Jeffrey Durham;M;"30407 Obrien Dale
Walterstad, CA 39874";maryjohnson@gmail.com;1979-06-25
Theatre director;Watts-Watson;750-20-6198;"707 Karen Glens Suite 294
Port David, AL 39934";(Decimal('-64.3770235'), Decimal('-79.894297'));A+;['https://henderson.com/', 'http://www.watson.com/'];jenningsloretta;Derrick Watts;M;"63432 Brenda Highway
Walkerland, ID 61342";rebecca14@yahoo.com;2009-09-11
Dealer;Johnson Group;438-23-6363;"9123 Smith Spurs
Drewstad, CO 70351";(Decimal('32.6079285'), Decimal('-30.338982'));AB+;['http://www.morgan-baker.info/', 'https://avila.com/', 'https://bonilla-jackson.biz/'];ohoffman;Elizabeth Thomas;F;"24354 Carroll Courts Suite 179
New Marcus, WA 44839";smyers@gmail.com;1939-07-19
Surveyor, building;Jones, May and Barnes;302-56-2147;"50205 Jessica Green Apt. 522
Angelashire, NV 73697";(Decimal('31.375124'), Decimal('74.249301'));A-;['https://white.com/'];jgarner;Brittany Hoover;F;"5426 Pedro Road Apt. 487
East Kimberly, NV 73677";stephanieramos@yahoo.com;1947-09-07
Clinical psychologist;Miller-Mccarthy;262-24-1365;"09752 Summer Club Suite 623
Allenton, AL 80265";(Decimal('70.0973415'), Decimal('-35.212889'));AB+;['https://www.anderson.org/', 'http://www.wilson-harrison.com/'];monicacarr;Cynthia Garcia;F;"Unit 3791 Box 6532
DPO AA 75366";lisaschwartz@gmail.com;2000-04-29
Designer, jewellery;Johnson-Short;518-35-5490;"047 Rodgers Common
Lake Melissa, HI 06366";(Decimal('-29.164335'), Decimal('44.544296'));B-;['http://www.vang.com/', 'https://www.roberts-wang.com/', 'http://www.fields-harrison.com/', 'https://www.khan.com/'];beth04;Jacob Hernandez;M;"PSC 7321, Box 0587
APO AE 34873";emilywhitehead@hotmail.com;1954-10-18
Recruitment consultant;Hatfield, Taylor and Morales;839-42-1897;"955 Fowler Motorway
East Richardmouth, RI 32154";(Decimal('-62.0006165'), Decimal('7.035670'));AB-;['https://campbell.net/', 'https://www.reed-kelly.info/', 'https://lewis.com/'];molinachristopher;Andrew Cox;M;"PSC 4442, Box 4889
APO AA 30253";qstewart@hotmail.com;1982-05-15
Careers adviser;Mejia-Anderson;827-60-4870;"USCGC Marshall
FPO AA 36272";(Decimal('34.562020'), Decimal('11.148115'));A-;['https://www.gordon-willis.biz/', 'http://www.rodriguez-ruiz.info/', 'http://www.hickman.com/'];kwebb;Alexander Fields;M;"0144 Christopher Dam Suite 942
Stephentown, CT 68503";roberthart@yahoo.com;1994-01-21
Surveyor, planning and development;Hall, Daniels and Glass;462-76-0881;"87239 Larsen Manor
North Audreyville, IN 43055";(Decimal('-23.2681525'), Decimal('-67.026039'));O+;['https://www.whitehead.info/', 'http://www.ortiz.com/', 'http://www.weaver.com/', 'http://www.smith.com/'];james76;Deanna Jimenez;F;"19940 Marie Isle
North Kurt, NH 29649";mariadeleon@yahoo.com;2001-05-21
Hospital pharmacist;Guzman, Rios and Martinez;753-55-7639;"3226 Heath Valleys Apt. 916
Joshuaside, SD 11634";(Decimal('84.5842975'), Decimal('70.557598'));B-;['https://www.smith-moss.net/'];aaronharvey;Brian Bright;M;"2361 Devin Hollow
Port Timothyfort, WI 24890";michaelcastro@hotmail.com;2000-04-05
Media planner;Dickerson Group;207-80-6432;"0087 Pamela Flats Apt. 743
New Johntown, DC 30702";(Decimal('-67.166532'), Decimal('-105.345072'));B-;['http://www.christensen.com/', 'https://www.dean-williams.com/'];hoganjonathan;Sarah Brown;F;"77638 Victoria Brooks Suite 291
North Amanda, OK 84050";gillaustin@gmail.com;2016-02-01
Solicitor;Cruz-Riley;796-86-8356;"PSC 2964, Box 9084
APO AA 74287";(Decimal('-16.4977185'), Decimal('110.189408'));B-;['http://www.gray.com/', 'http://vargas-meadows.com/', 'https://jacobs.com/'];nwalton;Robert Porter;M;"PSC 4963, Box 4337
APO AP 19690";james45@yahoo.com;1988-10-18
Art therapist;Mejia-Baker;651-75-4853;"6676 Morrison Squares Suite 476
Ryanmouth, UT 07588";(Decimal('3.8704135'), Decimal('-169.130561'));O-;['http://www.adams.org/', 'http://fitzpatrick.com/', 'https://walker-walters.com/'];nathanrosales;Vanessa Todd;F;"115 Patrick Stravenue Apt. 489
Benjaminport, NH 32006";bill74@gmail.com;1962-03-16
Education officer, community;Dixon, Mitchell and Barton;511-22-2173;"6239 Robinson Circle
Clarkstad, DE 00855";(Decimal('7.412217'), Decimal('-39.196662'));B-;['http://russo.com/', 'https://lambert-roberts.net/', 'http://www.anderson-wilcox.com/', 'http://spencer.com/'];tpearson;Sara Knapp;F;"718 Dennis Landing
North Bryantown, KS 81922";adamsstephen@hotmail.com;2011-01-30
Doctor, hospital;Ray Inc;086-98-3994;"032 Johnson Inlet Suite 257
Chadchester, MN 12083";(Decimal('60.376440'), Decimal('-65.226716'));A-;['https://fischer.com/', 'https://hayes-wright.biz/', 'https://www.garcia.com/', 'http://frazier.org/'];adriana64;Lori Johnson;F;"3317 Brian Vista
Jamestown, DC 81562";ruth73@yahoo.com;1954-09-17
Agricultural consultant;Snow LLC;214-08-9235;"796 Kim Fords Suite 594
Jonesbury, PA 97986";(Decimal('85.6614525'), Decimal('110.508575'));O-;['http://moore.biz/', 'https://www.franco.com/'];lee85;Karen Villanueva;F;"13142 Steven Pine Apt. 621
South Meghanchester, RI 31149";beckkendra@gmail.com;1948-07-01
Retail merchandiser;Rogers-Gonzalez;509-03-9609;"9613 Christopher Roads
Carlafurt, ME 58122";(Decimal('2.445787'), Decimal('-66.858018'));A+;['https://www.dominguez.com/', 'https://www.stanton.biz/', 'http://www.perry.com/'];jacqueline92;Angelica Lindsey;F;"4239 Shelly Road Suite 254
Hollowayville, LA 69901";michael70@gmail.com;1969-11-24
Accounting technician;Bennett-Jensen;464-35-6787;"2385 Gutierrez Lodge Apt. 463
Brooksville, TX 83291";(Decimal('20.3845325'), Decimal('-34.466732'));A-;['http://bautista.com/', 'https://sloan.com/', 'http://www.rosales.com/'];matthew56;Yolanda Pacheco;F;"46907 Murphy Spur Apt. 302
New Tina, MD 43274";johnnyschultz@gmail.com;1950-09-16
Production assistant, radio;Green and Sons;891-13-5774;"8143 Peter Mission
Muellermouth, DE 06713";(Decimal('-67.5332065'), Decimal('-95.870875'));B+;['https://reeves.com/'];kramirez;Rebecca Nelson;F;"651 Houston Lake Suite 287
East Emilyview, MA 24732";opatrick@yahoo.com;1921-06-07
Development worker, community;Murillo, Anderson and Walls;459-66-1514;"430 Jackson Ville
New Terri, WI 12637";(Decimal('55.4480575'), Decimal('-48.667996'));B-;['http://abbott.biz/'];zcarter;Michael Weaver;M;"356 Jenkins Ramp
Wardchester, WY 36545";zachary56@yahoo.com;1949-04-02
Television floor manager;Brock, Beasley and Perry;441-36-1656;"98784 Carpenter Crossroad Suite 935
Martinport, MA 16659";(Decimal('83.5052585'), Decimal('53.963646'));A+;['http://jones.com/', 'http://www.west-hawkins.biz/', 'https://mathis.com/', 'https://www.york.org/'];smithbeverly;Christopher York;M;"5274 Conway Lodge
Maldonadoborough, OK 59236";benjaminhoffman@yahoo.com;1917-02-03
Medical technical officer;Small and Sons;148-03-0974;"284 Beck Forges Suite 548
Port Jacquelineview, SC 18344";(Decimal('73.6554965'), Decimal('-54.340158'));A+;['https://www.hoffman.org/', 'https://sanchez.com/', 'https://www.villarreal.biz/'];wallsjohn;Kevin Garcia;M;"Unit 3260 Box 8456
DPO AA 47144";npatel@yahoo.com;2000-09-15
Lighting technician, broadcasting/film/video;Anderson-Smith;480-93-2699;"3724 Allen Radial
Sandraport, KY 77469";(Decimal('53.005133'), Decimal('-64.425528'));O+;['https://thomas.info/', 'http://nguyen.org/', 'https://martinez-anderson.com/', 'https://www.baker.com/'];jacob18;Dennis Gross;M;"168 Stephen Rapids Apt. 703
Wilsonborough, CO 34466";robertsdonna@gmail.com;1947-12-01
Geneticist, molecular;Tyler-Cooper;651-17-5241;"Unit 0415 Box 7886
DPO AE 97306";(Decimal('-50.283166'), Decimal('-163.701282'));AB-;['https://www.carpenter-nguyen.biz/', 'https://www.walker.biz/', 'http://brown.com/'];emclaughlin;Jeremy Anderson;M;"0507 Lopez Corner
New Vanessaland, TN 57829";robertjones@hotmail.com;1935-01-19
Volunteer coordinator;Robinson-Williams;077-34-2387;"879 Darlene Isle Suite 516
Johnland, OR 74189";(Decimal('41.819062'), Decimal('145.630306'));O-;['http://benitez.biz/', 'https://www.gray.com/', 'https://james-simmons.com/'];sclark;Elizabeth Miller;F;"6024 Jimenez Field
Kaitlynbury, IN 17756";dfisher@gmail.com;1938-09-28
Arts administrator;Farrell-Richard;223-59-4192;"0796 Katherine Motorway Apt. 439
Smithland, IA 72484";(Decimal('-53.146049'), Decimal('59.404222'));B-;['http://www.franco.com/'];peggy79;Jonathan Smith;M;"74026 Michael Burg
South Alexis, IL 99733";sarah65@hotmail.com;1940-01-06
Chief Operating Officer;Richmond-Porter;213-81-6793;"62422 Webster Corners Apt. 216
North Maryside, MS 88165";(Decimal('-29.296510'), Decimal('-59.927070'));O-;['https://browning.com/', 'https://jennings.com/', 'https://www.whitehead.com/'];nicholasrobinson;Megan Dennis MD;F;"17089 Eric Extension Suite 607
Heidistad, ID 75342";jennifer11@gmail.com;1928-06-10
Chief of Staff;Mathews, Moore and Rosales;473-49-3671;"718 Tanya Stravenue Suite 286
Andersonbury, DE 17850";(Decimal('33.3569405'), Decimal('12.146899'));O-;['http://www.miles-foster.com/', 'https://valenzuela-johnson.com/', 'https://www.martinez-gonzalez.net/', 'https://www.richardson.net/'];ystout;Angela Williams;F;"83326 Horn Rue Suite 754
Rogersmouth, WI 80227";elizabeththomas@hotmail.com;1988-09-23
Geneticist, molecular;Smith Inc;539-19-7082;"9116 Acevedo Ways Apt. 393
Tonyaview, KY 74067";(Decimal('54.998846'), Decimal('91.530619'));A+;['http://www.gomez.com/', 'https://www.johnson.net/', 'http://www.quinn-webster.com/', 'https://pittman-greene.com/'];austin46;Ms. Amy Miller;F;"5941 Michael Creek Apt. 875
Michellechester, VA 82683";rhiggins@yahoo.com;1932-12-01
Immigration officer;Yates-Johnson;371-78-3587;"651 Stout Groves
Lauramouth, MO 23355";(Decimal('-14.4152845'), Decimal('101.219402'));A+;['http://www.salazar-wells.com/', 'https://harmon.net/'];moorekelly;Alicia Villa;F;"657 Ernest Turnpike
West Teresa, SD 54226";lauragardner@yahoo.com;1923-10-27
Public librarian;Bates-Bennett;254-29-4578;"818 Haas Glen
Shortberg, PA 44660";(Decimal('5.1828855'), Decimal('64.994641'));B+;['https://walker-johnson.com/', 'https://www.sanchez.com/'];matthewhooper;Jeffrey Duncan;M;"09024 Alice Center
West Tonya, LA 91968";philip53@gmail.com;1955-06-07
Administrator, sports;Meyer, Vega and Gibbs;840-45-6024;"061 Miranda Groves
Danaborough, CO 97122";(Decimal('-76.8819815'), Decimal('14.133694'));B-;['https://harrison.com/', 'http://www.wilson.com/'];vazquezjohn;Miss Monique Newton MD;F;"0671 Jose Plains Apt. 093
South Elizabeth, FL 71781";scottnicholas@gmail.com;1960-05-08
Purchasing manager;Ali and Sons;167-18-4912;"506 Ford Highway Suite 755
Bradleyland, OR 83241";(Decimal('10.1560965'), Decimal('70.578290'));O+;['http://www.alexander.com/', 'http://garcia.com/'];william96;James Lara;M;"53903 Jessica Square Suite 214
Port Brendafort, NH 32560";lindseyschneider@gmail.com;1940-08-09
Aeronautical engineer;Ware Inc;117-38-2067;"USS Clark
FPO AP 23013";(Decimal('74.7369395'), Decimal('57.772328'));B-;['http://www.rodriguez-small.net/', 'http://www.hicks.com/', 'http://www.martin.com/'];awhitehead;Anthony Porter;M;"798 Katie Summit
South Joshua, VT 16607";dawn81@yahoo.com;1979-10-28
Industrial buyer;Jones-Blake;306-88-8443;"74443 Adkins Avenue
Lake Matthew, VT 67128";(Decimal('48.280543'), Decimal('-49.104226'));O-;['http://pollard.info/'];cynthia42;Craig Perez;M;"6870 Cole Isle Suite 762
North Kayla, NV 07515";samanthabauer@yahoo.com;2002-02-27
Immunologist;Carter-Diaz;489-33-2767;"7045 Davis Center
East Tanya, TN 79472";(Decimal('-19.3551615'), Decimal('-14.545034'));AB+;['http://www.blake.com/', 'http://williams.com/'];justin25;Lisa Brooks;F;"3753 Cox Key Suite 365
South Darrenberg, WV 13875";ewalker@yahoo.com;1961-12-11
Journalist, magazine;Sanchez-Gaines;875-62-2622;"48025 Timothy Union Apt. 827
Salinasmouth, KS 68713";(Decimal('75.694690'), Decimal('-161.188628'));O+;['http://www.owens.com/'];johnsongwendolyn;Matthew Simpson;M;"Unit 8892 Box 2518
DPO AA 99533";washingtonkimberly@yahoo.com;1909-03-19
Fast food restaurant manager;Clarke and Sons;765-06-4388;"486 Brown Rue
Port David, TN 48976";(Decimal('-9.051888'), Decimal('-93.850791'));A+;['http://rodriguez.biz/', 'https://turner.com/', 'http://johnson-adams.com/'];elijahlittle;Joshua Landry;M;"37704 Erica Dam Suite 774
Brooksview, NJ 40421";josephcoleman@gmail.com;2016-04-08
Surveyor, quantity;Clarke-Sloan;145-26-8248;"837 Sarah Fields Apt. 475
Richburgh, HI 55809";(Decimal('87.1385785'), Decimal('-138.993305'));AB+;['https://www.ward-smith.biz/', 'http://www.walsh.com/', 'https://howard-cox.biz/'];robert89;Kimberly Cameron;F;"0878 Allen Squares Apt. 596
Lake Cynthiamouth, MN 91296";lsimmons@gmail.com;1999-01-31
Psychologist, counselling;Flores LLC;200-23-4183;"6114 Allen Avenue Suite 393
South Patriciafurt, AL 48562";(Decimal('34.537353'), Decimal('-48.665613'));AB+;['http://www.carson.net/', 'https://walton-thompson.com/', 'http://www.brown.com/'];todd08;Suzanne Garner;F;"768 Johnson Ways
Lake Tammybury, MA 92114";hilladrienne@hotmail.com;1921-10-11
Metallurgist;Ochoa and Sons;368-59-9211;"9907 Nicholson Manor Suite 438
East Paul, LA 31667";(Decimal('40.3287505'), Decimal('55.569328'));AB-;['https://www.reed.info/', 'http://mcguire.com/', 'https://glenn.com/', 'https://watson-dodson.com/'];joshuaforbes;Jesus Clark;M;"6741 Jordan Field Apt. 806
Hartview, KS 08132";pamelaknight@gmail.com;2015-03-12
